Series Name,Series Code,Country Name,Country Code,1990 [YR1990],2000 [YR2000],2016 [YR2016],2017 [YR2017],2018 [YR2018],2019 [YR2019],2020 [YR2020],2021 [YR2021],2022 [YR2022],2023 [YR2023],2024 [YR2024],2025 [YR2025]
"PPP conversion factor, GDP (LCU per international $)",PA.NUS.PPP,Africa Eastern and Southern,AFE,..,..,..,..,..,..,..,..,..,..,..,..
"PPP conversion factor, GDP (LCU per international $)",PA.NUS.PPP,Africa Western and Central,AFW,..,..,..,..,..,..,..,..,..,..,..,..
"PPP conversion factor, GDP (LCU per international $)",PA.NUS.PPP,Arab World,ARB,..,..,..,..,..,..,..,..,..,..,..,..
"PPP conversion factor, GDP (LCU per international $)",PA.NUS.PPP,Caribbean small states,CSS,..,..,..,..,..,..,..,..,..,..,..,..
"PPP conversion factor, GDP (LCU per international $)",PA.NUS.PPP,Central Europe and the Baltics,CEB,..,..,..,..,..,..,..,..,..,..,..,..
"PPP conversion factor, GDP (LCU per international $)",PA.NUS.PPP,Early-demographic dividend,EAR,..,..,..,..,..,..,..,..,..,..,..,..
"PPP conversion factor, GDP (LCU per international $)",PA.NUS.PPP,East Asia & Pacific,EAS,..,..,..,..,..,..,..,..,..,..,..,..
"PPP conversion factor, GDP (LCU per international $)",PA.NUS.PPP,East Asia & Pacific (excluding high income),EAP,..,..,..,..,..,..,..,..,..,..,..,..
"PPP conversion factor, GDP (LCU per international $)",PA.NUS.PPP,East Asia & Pacific (IDA & IBRD countries),TEA,..,..,..,..,..,..,..,..,..,..,..,..
"PPP conversion factor, GDP (LCU per international $)",PA.NUS.PPP,Euro area,EMU,..,..,..,..,..,..,..,..,..,..,..,..
"PPP conversion factor, GDP (LCU per international $)",PA.NUS.PPP,Europe & Central Asia,ECS,..,..,..,..,..,..,..,..,..,..,..,..
"PPP conversion factor, GDP (LCU per international $)",PA.NUS.PPP,Europe & Central Asia (excluding high income),ECA,..,..,..,..,..,..,..,..,..,..,..,..
"PPP conversion factor, GDP (LCU per international $)",PA.NUS.PPP,Europe & Central Asia (IDA & IBRD countries),TEC,..,..,..,..,..,..,..,..,..,..,..,..
"PPP conversion factor, GDP (LCU per international $)",PA.NUS.PPP,European Union,EUU,..,..,..,..,..,..,..,..,..,..,..,..
"PPP conversion factor, GDP (LCU per international $)",PA.NUS.PPP,Heavily indebted poor countries (HIPC),HPC,..,..,..,..,..,..,..,..,..,..,..,..
"PPP conversion factor, GDP (LCU per international $)",PA.NUS.PPP,High income,HIC,..,..,..,..,..,..,..,..,..,..,..,..
"PPP conversion factor, GDP (LCU per international $)",PA.NUS.PPP,IBRD only,IBD,..,..,..,..,..,..,..,..,..,..,..,..
"PPP conversion factor, GDP (LCU per international $)",PA.NUS.PPP,IDA & IBRD total,IBT,..,..,..,..,..,..,..,..,..,..,..,..
"PPP conversion factor, GDP (LCU per international $)",PA.NUS.PPP,IDA blend,IDB,..,..,..,..,..,..,..,..,..,..,..,..
"PPP conversion factor, GDP (LCU per international $)",PA.NUS.PPP,IDA only,IDX,..,..,..,..,..,..,..,..,..,..,..,..
"PPP conversion factor, GDP (LCU per international $)",PA.NUS.PPP,IDA total,IDA,..,..,..,..,..,..,..,..,..,..,..,..
"PPP conversion factor, GDP (LCU per international $)",PA.NUS.PPP,Late-demographic dividend,LTE,..,..,..,..,..,..,..,..,..,..,..,..
"PPP conversion factor, GDP (LCU per international $)",PA.NUS.PPP,Latin America & Caribbean,LCN,..,..,..,..,..,..,..,..,..,..,..,..
"PPP conversion factor, GDP (LCU per international $)",PA.NUS.PPP,Latin America & Caribbean (excluding high income),LAC,..,..,..,..,..,..,..,..,..,..,..,..
"PPP conversion factor, GDP (LCU per international $)",PA.NUS.PPP,Latin America & the Caribbean (IDA & IBRD countries),TLA,..,..,..,..,..,..,..,..,..,..,..,..
"PPP conversion factor, GDP (LCU per international $)",PA.NUS.PPP,Least developed countries: UN classification,LDC,..,..,..,..,..,..,..,..,..,..,..,..
"PPP conversion factor, GDP (LCU per international $)",PA.NUS.PPP,Low & middle income,LMY,..,..,..,..,..,..,..,..,..,..,..,..
"PPP conversion factor, GDP (LCU per international $)",PA.NUS.PPP,Low income,LIC,..,..,..,..,..,..,..,..,..,..,..,..
"PPP conversion factor, GDP (LCU per international $)",PA.NUS.PPP,Lower middle income,LMC,..,..,..,..,..,..,..,..,..,..,..,..
"PPP conversion factor, GDP (LCU per international $)",PA.NUS.PPP,"Middle East, North Africa, Afghanistan & Pakistan",MEA,..,..,..,..,..,..,..,..,..,..,..,..
"PPP conversion factor, GDP (LCU per international $)",PA.NUS.PPP,"Middle East, North Africa, Afghanistan & Pakistan (excluding high income)",MNA,..,..,..,..,..,..,..,..,..,..,..,..
"PPP conversion factor, GDP (LCU per international $)",PA.NUS.PPP,"Middle East, North Africa, Afghanistan & Pakistan (IDA & IBRD)",TMN,..,..,..,..,..,..,..,..,..,..,..,..
"PPP conversion factor, GDP (LCU per international $)",PA.NUS.PPP,Middle income,MIC,..,..,..,..,..,..,..,..,..,..,..,..
"PPP conversion factor, GDP (LCU per international $)",PA.NUS.PPP,North America,NAC,..,..,..,..,..,..,..,..,..,..,..,..
"PPP conversion factor, GDP (LCU per international $)",PA.NUS.PPP,Not classified,INX,..,..,..,..,..,..,..,..,..,..,..,..
"PPP conversion factor, GDP (LCU per international $)",PA.NUS.PPP,OECD members,OED,..,..,..,..,..,..,..,..,..,..,..,..
"PPP conversion factor, GDP (LCU per international $)",PA.NUS.PPP,Other small states,OSS,..,..,..,..,..,..,..,..,..,..,..,..
"PPP conversion factor, GDP (LCU per international $)",PA.NUS.PPP,Pacific island small states,PSS,..,..,..,..,..,..,..,..,..,..,..,..
"PPP conversion factor, GDP (LCU per international $)",PA.NUS.PPP,Post-demographic dividend,PST,..,..,..,..,..,..,..,..,..,..,..,..
"PPP conversion factor, GDP (LCU per international $)",PA.NUS.PPP,Pre-demographic dividend,PRE,..,..,..,..,..,..,..,..,..,..,..,..
"PPP conversion factor, GDP (LCU per international $)",PA.NUS.PPP,Small states,SST,..,..,..,..,..,..,..,..,..,..,..,..
"PPP conversion factor, GDP (LCU per international $)",PA.NUS.PPP,South Asia,SAS,..,..,..,..,..,..,..,..,..,..,..,..
"PPP conversion factor, GDP (LCU per international $)",PA.NUS.PPP,South Asia (IDA & IBRD),TSA,..,..,..,..,..,..,..,..,..,..,..,..
"PPP conversion factor, GDP (LCU per international $)",PA.NUS.PPP,Sub-Saharan Africa,SSF,..,..,..,..,..,..,..,..,..,..,..,..
"PPP conversion factor, GDP (LCU per international $)",PA.NUS.PPP,Sub-Saharan Africa (excluding high income),SSA,..,..,..,..,..,..,..,..,..,..,..,..
"PPP conversion factor, GDP (LCU per international $)",PA.NUS.PPP,Sub-Saharan Africa (IDA & IBRD countries),TSS,..,..,..,..,..,..,..,..,..,..,..,..
"PPP conversion factor, GDP (LCU per international $)",PA.NUS.PPP,Upper middle income,UMC,..,..,..,..,..,..,..,..,..,..,..,..
"PPP conversion factor, GDP (LCU per international $)",PA.NUS.PPP,World,WLD,..,..,..,..,..,..,..,..,..,..,..,..
"PPP conversion factor, GDP (LCU per international $)",PA.NUS.PPP,Afghanistan,AFG,..,10.1998697278633,15.9236559656703,15.4202070236206,14.8562349775318,15.026434394062,15.3352430921872,14.5879421234131,14.9003323018049,14.7887521912564,13.2320571626481,..
"PPP conversion factor, GDP (LCU per international $)",PA.NUS.PPP,Albania,ALB,2.26017088628735,42.0106889589827,42.3856045548293,42.2556762085143,42.302763484983,40.5505352382444,40.2104823755404,41.1655084684252,39.6079245069442,39.4547845186235,39.6672501245719,39.9805375942293
"PPP conversion factor, GDP (LCU per international $)",PA.NUS.PPP,Algeria,DZA,3.12681665634229,15.7627365672012,36.0388086573497,37.458251953125,38.8773498535156,38.3893852233887,37.4388656616211,38.7630996704102,44.4838083963006,43.326166802351,43.703532115018,42.8460510517715
"PPP conversion factor, GDP (LCU per international $)",PA.NUS.PPP,American Samoa,ASM,..,..,..,..,..,..,..,..,..,..,..,..
"PPP conversion factor, GDP (LCU per international $)",PA.NUS.PPP,Andorra,AND,0.481169191566506,0.705779895452388,0.682621757506323,0.678233981132507,0.656328009600346,0.64122788740431,0.627878780205223,0.604573547840118,0.588341425578457,0.603066309036457,0.604826658572286,0.603848577368125
"PPP conversion factor, GDP (LCU per international $)",PA.NUS.PPP,Angola,AGO,1.08190935685562E-08,2.12800471715728,82.8633266447229,95.8372421264648,111.44181060791,124.439605712891,146.909133911133,174.090515136719,191.89616090516,220.826283791255,275.541334427151,322.965962233887
"PPP conversion factor, GDP (LCU per international $)",PA.NUS.PPP,Antigua and Barbuda,ATG,1.5770210389687,1.68095710370836,2.09674444871081,2.13833737373352,2.01181793212891,1.92162227630615,1.85506355762482,1.81939482688904,1.81471365982682,1.86354196795733,1.86682399409076,1.87014584555665
"PPP conversion factor, GDP (LCU per international $)",PA.NUS.PPP,Argentina,ARG,0.293939470102461,0.664089244736491,9.32211732577767,10.2927856445313,13.5268135070801,20.3836688995361,26.8871841430664,38.783332824707,61.1893443740869,139.692187078265,419.292111285901,567.297421343424
"PPP conversion factor, GDP (LCU per international $)",PA.NUS.PPP,Armenia,ARM,0.00513118142365371,126.516955225727,160.208207872256,154.786590576172,157.376907348633,147.486145019531,141.940551757813,148.241226196289,149.449957812148,148.585343699986,147.017595146307,148.11782018569
"PPP conversion factor, GDP (LCU per international $)",PA.NUS.PPP,Aruba,ABW,0.92337117060551,1.12586291243083,1.36001458924542,1.35663664340973,1.37060558795929,1.42321181297302,1.4119086265564,1.36395359039307,1.32552993286486,1.31448380119852,1.3358003334369,..
"PPP conversion factor, GDP (LCU per international $)",PA.NUS.PPP,Australia,AUS,1.365893,1.312261,1.450156,1.477553,1.470403,1.459253,1.431163,1.395724,1.358727,1.337468,1.366527,1.398943
"PPP conversion factor, GDP (LCU per international $)",PA.NUS.PPP,Austria,AUT,0.920033,0.907311,0.776931,0.775009,0.765403,0.738332,0.728799,0.72035,0.687544,0.704634,0.710451,0.725357
"PPP conversion factor, GDP (LCU per international $)",PA.NUS.PPP,Azerbaijan,AZE,7.64855981676501E-06,0.170449755486673,0.426016726419135,0.498603373765945,0.52723491191864,0.48993256688118,0.474218666553497,0.457138150930405,0.585848354897923,0.51227663604586,0.493148640345599,0.482459128195909
"PPP conversion factor, GDP (LCU per international $)",PA.NUS.PPP,"Bahamas, The",BHS,0.981485752947395,0.978604860482659,0.94831266986888,0.929797828197479,0.926608264446259,0.931452453136444,0.962290525436401,0.977568686008453,0.950295483058565,0.977236382694572,0.956315655509349,..
"PPP conversion factor, GDP (LCU per international $)",PA.NUS.PPP,Bahrain,BHR,0.130577155874319,0.116982617172684,0.188678214863324,0.185696244239807,0.190370857715607,0.181090995669365,0.171287223696709,0.185745358467102,0.185784178119927,0.171479388100597,0.166200043745861,0.162039933977081
"PPP conversion factor, GDP (LCU per international $)",PA.NUS.PPP,Bangladesh,BGD,13.5555757060187,15.811950125643,28.1895707253508,29.3513450622559,29.397891998291,29.595682144165,28.7098007202148,28.296688079834,27.7515632976784,28.6070991451479,29.8354579509729,30.9160155190794
"PPP conversion factor, GDP (LCU per international $)",PA.NUS.PPP,Barbados,BRB,1.63577879862184,1.79222263356272,2.11681498966242,2.20044374465942,2.16222667694092,2.1943838596344,2.31882476806641,2.38420343399048,2.22239316630984,2.20778988896636,2.19214431755276,2.19085217304192
"PPP conversion factor, GDP (LCU per international $)",PA.NUS.PPP,Belarus,BLR,8.14013304763143E-09,0.0157919445435883,0.562285911430173,0.607136130332947,0.647122502326965,0.641350507736206,0.641749382019043,0.688632726669312,0.73860169311713,0.769559852957259,0.842282411048369,0.90876978092131
"PPP conversion factor, GDP (LCU per international $)",PA.NUS.PPP,Belgium,BEL,0.913185,0.899807,0.781011,0.775634,0.766407,0.735832,0.716165,0.719916,0.698153,0.703466,0.704288,0.719942
"PPP conversion factor, GDP (LCU per international $)",PA.NUS.PPP,Belize,BLZ,1.33709267283852,1.25309467676478,1.30670152863667,1.3314516544342,1.26605069637299,1.17554986476898,1.08695876598358,1.04862034320831,1.05032723104358,1.08065577806943,1.06926356021066,1.05113051635175
"PPP conversion factor, GDP (LCU per international $)",PA.NUS.PPP,Benin,BEN,117.748777314433,207.120597973585,210.711777650076,212.266235351563,215.738403320313,210.404876708984,212.435317993164,211.106674194336,205.246224070769,204.623566036542,202.803961673608,200.336598367492
"PPP conversion factor, GDP (LCU per international $)",PA.NUS.PPP,Bermuda,BMU,0.873403381157046,1.18434273976868,1.35237412323767,1.31113624572754,1.3166686296463,1.2727233171463,1.25638365745544,1.22146320343018,1.14355182819509,1.17047800140108,1.19812062185577,..
"PPP conversion factor, GDP (LCU per international $)",PA.NUS.PPP,Bhutan,BTN,5.66474521043314,11.143924859537,18.7895935012333,19.1576099395752,19.4274578094482,19.5122108459473,18.9579467773438,19.6103916168213,19.369153778128,19.5005312048098,19.9161085202988,19.9848946493305
"PPP conversion factor, GDP (LCU per international $)",PA.NUS.PPP,Bolivia,BOL,0.94828483131822,1.79624519319061,2.77929957475478,2.68458724021912,2.70201420783997,2.63906097412109,2.58266496658325,2.473956823349,2.36952460555989,2.28929736096853,2.3689096918025,2.76324583616839
"PPP conversion factor, GDP (LCU per international $)",PA.NUS.PPP,Bosnia and Herzegovina,BIH,0.000236571925433183,0.685016018468078,0.675563228101234,0.680666262909282,0.674436029099518,0.651074505490861,0.642981102710874,0.65969527895829,0.657431308926182,0.670472360097951,0.675493641070968,0.697646964731518
"PPP conversion factor, GDP (LCU per international $)",PA.NUS.PPP,Botswana,BWA,0.865828972401491,1.83633535593967,4.53364620382533,4.68247842788696,4.78663778305054,4.83345651626587,4.73711633682251,4.81988048553467,5.15760054333812,5.06067038467414,5.03362466866926,5.07409138676734
"PPP conversion factor, GDP (LCU per international $)",PA.NUS.PPP,Brazil,BRA,1.15782219426631E-05,0.757895423908826,2.15597159643949,2.2096791267395,2.19759154319763,2.21644520759583,2.26491117477417,2.37927412986755,2.41165555900142,2.44559278607045,2.48371015372826,2.55440835439356
"PPP conversion factor, GDP (LCU per international $)",PA.NUS.PPP,British Virgin Islands,VGB,..,..,1.05583141549163,1.02022969722748,..,..,..,..,..,..,..,..
"PPP conversion factor, GDP (LCU per international $)",PA.NUS.PPP,Brunei Darussalam,BRN,0.610851171103445,0.474829327040094,0.649816136215978,0.627636611461639,0.641614973545074,0.598504781723022,0.530513346195221,0.532498598098755,0.617629885034512,0.519074549641412,0.492102974111551,0.456019597784343
"PPP conversion factor, GDP (LCU per international $)",PA.NUS.PPP,Bulgaria,BGR,0.000352679836735092,0.273974845570072,0.340858541489305,0.345777340570119,0.34772840119275,0.345535293716834,0.345226635301275,0.35413555036835,0.366580087781656,0.377621911406109,0.387533240879461,0.405704596599949
"PPP conversion factor, GDP (LCU per international $)",PA.NUS.PPP,Burkina Faso,BFA,162.603597665122,197.190476074622,209.026483556174,201.595275878906,208.284194946289,200.763061523438,199.51708984375,199.724746704102,195.11927255451,191.794636626162,205.350368080944,217.410761840348
"PPP conversion factor, GDP (LCU per international $)",PA.NUS.PPP,Burundi,BDI,71.2033651018155,186.730420922765,564.395746237552,626.167602539063,605.947692871094,582.1962890625,595.613830566406,609.599182128906,654.256163386694,751.11355685453,869.203862502627,999.612019047394
"PPP conversion factor, GDP (LCU per international $)",PA.NUS.PPP,Cabo Verde,CPV,56.1968403166056,53.298718344467,48.9434198790022,47.9817543029785,50.6804847717285,49.9072380065918,49.9931755065918,48.1704940795898,47.8245198587809,47.6210423510559,47.1140706960402,46.629436004152
"PPP conversion factor, GDP (LCU per international $)",PA.NUS.PPP,Cambodia,KHM,73.2412829325629,909.837301664654,1431.95643542498,1464.89099121094,1468.92175292969,1468.90258789063,1433.76916503906,1426.95983886719,1378.68596342675,1343.02092677806,1340.8205322666,1349.49224235827
"PPP conversion factor, GDP (LCU per international $)",PA.NUS.PPP,Cameroon,CMR,164.477217341973,238.667458231356,235.558761961864,230.585388183594,223.165771484375,214.872512817383,205.106994628906,193.458953857422,192.950622210837,192.713580718878,198.248434490013,198.309241557697
"PPP conversion factor, GDP (LCU per international $)",PA.NUS.PPP,Canada,CAN,1.241789,1.228197,1.207045,1.212304,1.206524,1.21786,1.201689,1.163492,1.145083,1.139727,1.150472,1.166683
"PPP conversion factor, GDP (LCU per international $)",PA.NUS.PPP,Cayman Islands,CYM,..,..,0.987132743486325,0.980794370174408,0.973204851150513,1.01165902614594,1.03776144981384,0.971421658992767,0.942267065860845,0.943347350241178,0.94261799236714,..
"PPP conversion factor, GDP (LCU per international $)",PA.NUS.PPP,Central African Republic,CAF,220.156772507555,265.456943410817,277.77130437401,284.033508300781,279.155090332031,267.258697509766,249.863265991211,241.880676269531,239.410836307084,239.121299090532,247.420911394064,246.31590787299
"PPP conversion factor, GDP (LCU per international $)",PA.NUS.PPP,Chad,TCD,110.983129119934,150.522492704366,240.898708633551,236.582992553711,236.522491455078,222.573471069336,228.273208618164,215.510940551758,229.665797654579,213.178375331775,214.899757142113,204.953276226313
"PPP conversion factor, GDP (LCU per international $)",PA.NUS.PPP,Channel Islands,CHI,..,..,..,..,..,..,..,..,..,..,..,..
"PPP conversion factor, GDP (LCU per international $)",PA.NUS.PPP,Chile,CHL,170.542989,290.423477,397.250703,397.689401,396.229413,397.674408,409.841785,423.013786,434.952253,432.562121,435.778953,453.188563
"PPP conversion factor, GDP (LCU per international $)",PA.NUS.PPP,China,CHN,1.68138031325695,2.7075074692589,3.87428963630967,4.04005241394043,4.0940899848938,4.05960941314697,4.01465654373169,3.98740887641907,3.79465455813661,3.64070923693376,3.52537888953537,3.39768588417447
"PPP conversion factor, GDP (LCU per international $)",PA.NUS.PPP,Colombia,COL,174.354299548646,787.293628319141,1298.142605,1328.016627,1322.160543,1312.630441,1270.743624,1340.326407,1363.444291,1425.433859,1443.718515,1532.719303
"PPP conversion factor, GDP (LCU per international $)",PA.NUS.PPP,Comoros,COM,159.014581936623,193.798550076665,193.337098291326,185.247711181641,194.22834777832,201.542678833008,201.675567626953,191.480773925781,193.032390816478,201.286540985159,208.61077096406,211.662236779844
"PPP conversion factor, GDP (LCU per international $)",PA.NUS.PPP,"Congo, Dem. Rep.",COD,6.84282020800285E-10,58.39838322539,488.937875394933,637.266418457031,801.573486328125,786.309387207031,827.004272460938,845.45068359375,868.155795457513,931.662587387676,1072.67152838377,1124.85430376458
"PPP conversion factor, GDP (LCU per international $)",PA.NUS.PPP,"Congo, Rep.",COG,101.71225316357,216.619478576365,308.857562222479,288.932281494141,267.577697753906,254.912139892578,240.513336181641,222.775375366211,245.962099614342,219.236211132934,214.901854344569,201.890946598546
"PPP conversion factor, GDP (LCU per international $)",PA.NUS.PPP,Costa Rica,CRI,33.2962896518244,149.128231471695,343.013617,340.991882,337.901936,324.21736,328.024138,334.118676,336.220387,318.841763,307.792355,297.351768
"PPP conversion factor, GDP (LCU per international $)",PA.NUS.PPP,Cote d'Ivoire,CIV,133.16279093829,218.590461369312,243.626233914782,243.185577392578,239.319000244141,227.483108520508,226.308700561523,225.288803100586,216.639012486547,217.061473748726,215.360126120377,216.221332210196
"PPP conversion factor, GDP (LCU per international $)",PA.NUS.PPP,Croatia,HRV,0.00084036820060033,0.502447517686668,0.448868107019075,0.441259811543299,0.439450664962738,0.42046941270084,0.410332855869259,0.407277953564341,0.416285914711201,0.429571541796623,0.448418364962435,0.470813052018898
"PPP conversion factor, GDP (LCU per international $)",PA.NUS.PPP,Cuba,CUB,..,..,..,..,..,..,..,..,..,..,..,..
"PPP conversion factor, GDP (LCU per international $)",PA.NUS.PPP,Curacao,CUW,..,1.29531765855456,1.43384853460778,1.3937920331955,1.38988649845123,1.35468888282776,1.34318399429321,1.27898454666138,1.25373988912354,1.23806318994228,1.24831756717631,..
"PPP conversion factor, GDP (LCU per international $)",PA.NUS.PPP,Cyprus,CYP,0.564130062655229,0.716853586240031,0.622324985448911,0.615186013732083,0.612439734649843,0.588099667675781,0.578548839742278,0.584657651965893,0.564764471384137,0.565698600025777,0.567094524089419,0.572620273384741
"PPP conversion factor, GDP (LCU per international $)",PA.NUS.PPP,Czechia,CZE,5.546441,14.327536,12.576343,12.424986,12.371528,12.097428,12.150267,12.56189,12.476407,12.576104,12.823227,12.993503
"PPP conversion factor, GDP (LCU per international $)",PA.NUS.PPP,Denmark,DNK,9.129245,8.668343,7.079856,6.871679,6.765997,6.538391,6.365057,6.288268,6.105718,6.054859,6.050211,6.124666
"PPP conversion factor, GDP (LCU per international $)",PA.NUS.PPP,Djibouti,DJI,..,..,100.676858452801,99.5235977172852,95.0324554443359,93.4095001220703,91.4775085449219,90.2278900146484,84.1120953065497,83.0952297717628,80.7241255864859,82.1238304290602
"PPP conversion factor, GDP (LCU per international $)",PA.NUS.PPP,Dominica,DMA,1.85680569081551,2.05040712873114,1.83599159643013,1.7490713596344,1.65106189250946,1.59957265853882,1.48380184173584,1.43059825897217,1.33910035210054,1.31829730267515,1.31702390769821,1.30631128267932
"PPP conversion factor, GDP (LCU per international $)",PA.NUS.PPP,Dominican Republic,DOM,2.97056482161485,6.901198091426,20.2578266034366,20.916202545166,21.6887969970703,21.2349720001221,21.22900390625,22.1248188018799,22.6285555055915,23.083954310056,23.4869920360294,23.8682512750234
"PPP conversion factor, GDP (LCU per international $)",PA.NUS.PPP,Ecuador,ECU,0.300494875902852,0.241180552163667,0.543826095333172,0.528539717197418,0.517270743846893,0.494702249765396,0.473994910717011,0.448739469051361,0.428779242654727,0.422329283911314,0.430740974308494,0.425220703426529
"PPP conversion factor, GDP (LCU per international $)",PA.NUS.PPP,"Egypt, Arab Rep.",EGY,0.460036472457643,0.853633230356826,2.49919886929529,3.16914701461792,3.58117437362671,3.89337968826294,3.69509267807007,3.8546199798584,3.97385404919073,4.78237501847469,6.23876003840203,7.58370974796763
"PPP conversion factor, GDP (LCU per international $)",PA.NUS.PPP,El Salvador,SLV,0.312452121169861,0.448509161672362,0.461390403903444,0.448413670063019,0.45454740524292,0.442782253026962,0.425564259290695,0.429484784603119,0.427367838286856,0.419951346710945,0.415072277055406,0.408953489712557
"PPP conversion factor, GDP (LCU per international $)",PA.NUS.PPP,Equatorial Guinea,GNQ,140.016403637528,159.472589162812,265.282044557899,245.970474243164,244.417373657227,242.327987670898,242.573852539063,228.967514038086,261.006197061617,242.255040389526,248.739563790205,238.615174467719
"PPP conversion factor, GDP (LCU per international $)",PA.NUS.PPP,Eritrea,ERI,..,1.94218944755412,5.74096300770369,5.39268779754639,4.96084139586241,4.69091466303122,5.01428809751443,4.93847894668579,..,..,..,..
"PPP conversion factor, GDP (LCU per international $)",PA.NUS.PPP,Estonia,EST,0.0045159522586121,0.46876,0.527849,0.534908,0.538757,0.52869,0.515202,0.5341,0.560333,0.572987,0.576166,0.584555
"PPP conversion factor, GDP (LCU per international $)",PA.NUS.PPP,Eswatini,SWZ,1.14942547834397,2.56998300550051,5.61428934110556,5.98295021057129,6.16247987747192,6.11483430862427,6.11999368667603,5.89536285400391,5.99201965497641,6.12800854631137,6.05720299883277,5.86563643135325
"PPP conversion factor, GDP (LCU per international $)",PA.NUS.PPP,Ethiopia,ETH,1.30103354999105,2.10225756341616,7.91032495172366,8.33639240264893,9.31989192962646,10.3675975799561,11.7911653518677,13.7311124801636,17.2633656192497,22.1265402742069,27.1045539967632,30.7650224136466
"PPP conversion factor, GDP (LCU per international $)",PA.NUS.PPP,Faroe Islands,FRO,..,..,7.04860647301933,6.95062971115112,6.69964343061627,6.76000199752143,6.60500877907687,6.37792730331421,6.30552160356804,6.25954159690578,6.22980312304618,..
"PPP conversion factor, GDP (LCU per international $)",PA.NUS.PPP,Fiji,FJI,0.647576255792932,0.7554291583858,0.937498468146302,0.939452171325684,0.960431039333344,0.972497940063477,0.935144364833832,0.910048425197601,0.918217936754945,0.909830706289817,0.942012332041687,0.934666867351328
"PPP conversion factor, GDP (LCU per international $)",PA.NUS.PPP,Finland,FIN,1.005162,0.983787,0.880895,0.863657,0.853746,0.826328,0.802112,0.790539,0.770918,0.770345,0.753945,0.754195
"PPP conversion factor, GDP (LCU per international $)",PA.NUS.PPP,France,FRA,1.025418,0.930052,0.780044,0.770109,0.756166,0.705954,0.693052,0.703945,0.682729,0.678524,0.681239,0.677618
"PPP conversion factor, GDP (LCU per international $)",PA.NUS.PPP,French Polynesia,PYF,..,..,..,..,..,..,..,..,..,..,..,..
"PPP conversion factor, GDP (LCU per international $)",PA.NUS.PPP,Gabon,GAB,146.779135691824,226.042263388713,282.679241786938,271.626159667969,274.421081542969,273.352203369141,262.635467529297,244.922546386719,262.405459108734,227.844268825763,231.6583571757,216.420044727798
"PPP conversion factor, GDP (LCU per international $)",PA.NUS.PPP,"Gambia, The",GMB,2.36222850443498,2.96108712412271,14.0085076067416,14.6875677108765,14.7201194763184,15.2599792480469,14.6587619781494,14.7418222427368,14.97642146813,16.4233646342791,16.9545354395068,17.7935316169312
"PPP conversion factor, GDP (LCU per international $)",PA.NUS.PPP,Georgia,GEO,5.42012608653277E-07,0.475842923421307,0.75056031815742,0.80830192565918,0.810541391372681,0.797049462795258,0.796508133411407,0.865621149539948,0.873888015814541,0.867549901216465,0.887666169870326,0.903514180711349
"PPP conversion factor, GDP (LCU per international $)",PA.NUS.PPP,Germany,DEU,0.949917,0.94289,0.752608,0.744783,0.735448,0.717745,0.706836,0.706697,0.688423,0.701054,0.700862,0.709983
"PPP conversion factor, GDP (LCU per international $)",PA.NUS.PPP,Ghana,GHA,0.0172229476531372,0.130311081157497,1.49273430727059,1.69359111785889,1.81923377513885,1.90021753311157,2.03251671791077,2.14874577522278,2.57145102292101,3.47419917524807,4.26723310217426,4.75008975177416
"PPP conversion factor, GDP (LCU per international $)",PA.NUS.PPP,Gibraltar,GIB,..,..,..,..,..,..,..,..,..,..,..,..
"PPP conversion factor, GDP (LCU per international $)",PA.NUS.PPP,Greece,GRC,0.335502,0.669545,0.58858,0.575041,0.564857,0.540972,0.530251,0.520812,0.502755,0.506626,0.515086,0.526872
"PPP conversion factor, GDP (LCU per international $)",PA.NUS.PPP,Greenland,GRL,5.5399932486698,5.18815104983854,5.5059188858133,5.5857400894165,5.5727136828431,5.53253136418962,5.51685943709696,5.2741265296936,5.19997209139189,5.10788380262313,..,..
"PPP conversion factor, GDP (LCU per international $)",PA.NUS.PPP,Grenada,GRD,1.65263602573622,1.78867075944069,1.78124296159634,1.75041949748993,1.70418763160706,1.71770310401917,1.68615663051605,1.69825077056885,1.6114828054419,1.62322133398798,1.56397530306305,1.53137011170231
"PPP conversion factor, GDP (LCU per international $)",PA.NUS.PPP,Guam,GUM,..,..,..,..,..,..,..,..,..,..,..,..
"PPP conversion factor, GDP (LCU per international $)",PA.NUS.PPP,Guatemala,GTM,1.0018998404469,2.3818548176859,3.35347846470893,3.32418703342023,3.29055680271627,3.22869804185546,3.15825575504794,3.21316480636597,3.19080092519734,3.27732812819395,3.31562389582393,3.33451157924276
"PPP conversion factor, GDP (LCU per international $)",PA.NUS.PPP,Guinea,GIN,458.161746195402,756.939700137642,2831.13495412508,2819.40551757813,2956.56860351563,3049.65771484375,3024.84619140625,3108.34375,2983.35938744689,3052.18339989862,3181.20500097004,3286.09262410062
"PPP conversion factor, GDP (LCU per international $)",PA.NUS.PPP,Guinea-Bissau,GNB,26.5738155494081,221.995171146721,220.773659150318,218.427780151367,218.222854614258,211.497299194336,208.34016418457,203.716125488281,197.397962018897,197.932848260615,195.690135293345,198.582744438309
"PPP conversion factor, GDP (LCU per international $)",PA.NUS.PPP,Guyana,GUY,17.2742806232408,72.4825855707344,105.270612299159,104.212295532227,100.972465515137,100.869819641113,83.9942855834961,89.9150695800781,94.0685987686788,77.9339679099584,77.0796036657078,69.0331367456556
"PPP conversion factor, GDP (LCU per international $)",PA.NUS.PPP,Haiti,HTI,1.76739076335849,7.22519146614538,24.4649311750741,27.4248027801514,30.6184539794922,35.1456756591797,41.5539588928223,47.4995269775391,57.6759375340431,72.6227604240472,85.9464526212732,112.359715746475
"PPP conversion factor, GDP (LCU per international $)",PA.NUS.PPP,Honduras,HND,5.70952763320423,6.26659638211708,10.1593988234018,10.0832586288452,10.4576015472412,10.6014041900635,10.5345764160156,10.5899238586426,10.8074212481727,11.0520529000976,11.2912473033807,11.8640844280338
"PPP conversion factor, GDP (LCU per international $)",PA.NUS.PPP,"Hong Kong SAR, China",HKG,5.75560879584341,7.10996946119049,5.98074194926428,6.07040023803711,6.24729061126709,6.18961668014526,6.14700174331665,5.87204074859619,5.57469182190402,5.53125165022491,5.62173577880171,5.52457295433365
"PPP conversion factor, GDP (LCU per international $)",PA.NUS.PPP,Hungary,HUN,22.9099595444692,110.049076,132.033797,136.036522,139.092451,138.79714,141.838435,148.351175,155.230128,169.087073,175.578089,183.57556
"PPP conversion factor, GDP (LCU per international $)",PA.NUS.PPP,Iceland,ISL,67.297073,84.704674,140.02995,138.277175,140.970278,138.667852,143.25338,142.588157,134.899492,137.850321,141.758111,151.367985
"PPP conversion factor, GDP (LCU per international $)",PA.NUS.PPP,India,IND,5.49548841099049,9.67413340555159,19.7442391048838,20.4555778503418,20.4745960235596,20.2395000457764,20.3193664550781,20.7278957366943,20.4927049140107,20.4553387219722,20.4522424138694,20.0886288014602
"PPP conversion factor, GDP (LCU per international $)",PA.NUS.PPP,Indonesia,IDN,350.176983086282,1386.45158487915,4566.57066796941,4756.1689453125,4833.59912109375,4847.4453125,4791.0068359375,4808.42919921875,4918.70420995171,4815.77343325049,4740.937043293,4720.99750025346
"PPP conversion factor, GDP (LCU per international $)",PA.NUS.PPP,"Iran, Islamic Rep.",IRN,96.6739217701494,950.190258479443,11796.810546875,13061.294921875,16923.19921875,23549.041015625,32954.5859375,50488.171875,71211.4312451727,94280.2670719049,118096.561683588,147937.809998602
"PPP conversion factor, GDP (LCU per international $)",PA.NUS.PPP,Iraq,IRQ,..,193.444033357328,563.814832515689,552.902282714844,554.960876464844,547.339233398438,484.264739990234,554.465393066406,657.110311889676,535.22554911293,545.082245539464,492.933552332882
"PPP conversion factor, GDP (LCU per international $)",PA.NUS.PPP,Ireland,IRL,0.783812,0.943627,0.794289,0.794405,0.792214,0.794143,0.775446,0.751895,0.721422,0.740333,0.740894,0.750891
"PPP conversion factor, GDP (LCU per international $)",PA.NUS.PPP,Isle of Man,IMN,..,..,..,..,..,..,..,..,..,..,..,..
"PPP conversion factor, GDP (LCU per international $)",PA.NUS.PPP,Israel,ISR,1.70674,3.434893,3.788511,3.751633,3.784664,3.816864,3.746701,3.657664,3.442983,3.456822,3.50198,3.487723
"PPP conversion factor, GDP (LCU per international $)",PA.NUS.PPP,Italy,ITA,0.691461,0.805086,0.700544,0.689895,0.681219,0.647298,0.632292,0.625356,0.59129,0.601949,0.599627,0.610275
"PPP conversion factor, GDP (LCU per international $)",PA.NUS.PPP,Jamaica,JAM,2.74536892773952,22.9647877153406,66.675524485405,68.5327301025391,71.6331405639648,74.1321411132813,77.2810134887695,81.3269805908203,85.5366556074584,91.8329135889699,93.9657613558653,95.7950373528488
"PPP conversion factor, GDP (LCU per international $)",PA.NUS.PPP,Japan,JPN,187.619696,154.687365,105.519502,105.101901,104.158636,103.231509,100.742048,99.211289,94.922107,93.831737,94.462599,97.08005
"PPP conversion factor, GDP (LCU per international $)",PA.NUS.PPP,Jordan,JOR,0.18185298644952,0.203310075228063,0.323572037655516,0.311540961265564,0.325495779514313,0.314005553722382,0.298109263181686,0.323472499847412,0.310232058396914,0.304214246597533,0.302314065193508,0.300588436411238
"PPP conversion factor, GDP (LCU per international $)",PA.NUS.PPP,Kazakhstan,KAZ,0.000686289282573416,22.6097623924453,111.098913040409,121.613784790039,130.108551025391,126.168754577637,124.875175476074,129.063003540039,144.313196719951,152.415361023158,162.098669079355,172.827127700445
"PPP conversion factor, GDP (LCU per international $)",PA.NUS.PPP,Kenya,KEN,8.46445381887982,21.7131743434279,40.2768851704376,41.2794494628906,42.1700057983398,42.6559524536133,42.8165397644043,42.3316535949707,42.2702192058264,42.969527633291,43.2560168752789,43.5471478663385
"PPP conversion factor, GDP (LCU per international $)",PA.NUS.PPP,Kiribati,KIR,0.524738713166559,0.890213187946272,0.951855795724369,0.944675912536428,0.960446416261646,0.911646299153458,0.937517740517453,0.97877842181364,0.89469854215867,0.939254719016737,1.03691322245715,1.00874671689262
"PPP conversion factor, GDP (LCU per international $)",PA.NUS.PPP,"Korea, Dem. People's Rep.",PRK,..,..,..,..,..,..,..,..,..,..,..,..
"PPP conversion factor, GDP (LCU per international $)",PA.NUS.PPP,"Korea, Rep.",KOR,562.81864,747.251482,858.809687,872.624771,854.871397,847.547829,829.359157,829.867766,810.157015,811.048042,809.26722,816.329274
"PPP conversion factor, GDP (LCU per international $)",PA.NUS.PPP,Kosovo,XKX,..,..,0.370901881963636,0.3783280050989,0.370546696933857,0.363172820979497,0.359145199492702,0.360406752216835,0.360696819942243,0.363700560729297,0.362871040091578,0.362904088534196
"PPP conversion factor, GDP (LCU per international $)",PA.NUS.PPP,Kuwait,KWT,0.102395901120344,0.100833117065299,0.197206610920341,0.189230144023895,0.188494756817818,0.18986764550209,0.186391651630402,0.202588081359863,0.222487093571873,0.1972847490244,0.189696382555312,0.175361574871678
"PPP conversion factor, GDP (LCU per international $)",PA.NUS.PPP,Kyrgyz Republic,KGZ,0.0038316342602778,7.16634242545567,16.754661356211,16.9797916412354,18.4928894042969,18.709680557251,18.3638648986816,19.9189929962158,22.2518617475837,25.7192364470372,26.7014758852856,29.1935664341276
"PPP conversion factor, GDP (LCU per international $)",PA.NUS.PPP,Lao PDR,LAO,140.383475057126,1399.81669931957,2775.05374890645,2808.07495117188,2855.97534179688,2902.38134765625,2953.51440429688,3031.69677734375,3276.84900579848,3931.63306336066,4375.37070071078,4577.46196269632
"PPP conversion factor, GDP (LCU per international $)",PA.NUS.PPP,Latvia,LVA,0.00473184476190281,0.360441,0.519544,0.519926,0.489931,0.479802,0.469668,0.464112,0.473591,0.490918,0.496528,0.504702
"PPP conversion factor, GDP (LCU per international $)",PA.NUS.PPP,Lebanon,LBN,183.521536527546,757.141205057595,643.812344730719,619.012889525663,629.079223632813,637.468505859375,1261.38049316406,4099.5078125,8119.57915962761,23717.2420473074,33594.2483818204,..
"PPP conversion factor, GDP (LCU per international $)",PA.NUS.PPP,Lesotho,LSO,1.11599913383109,2.41397981504496,4.96202179071875,5.44063329696655,5.88551568984985,6.08720636367798,5.90795993804932,6.19413948059082,6.10262912306225,5.90385253090393,6.10623212210523,6.11792216885233
"PPP conversion factor, GDP (LCU per international $)",PA.NUS.PPP,Liberia,LBR,0.219786316024099,0.309184508707449,0.479498014061403,0.419995359707115,0.384615516378917,0.346489368061895,0.371666181394607,0.433967147111521,0.44026199757583,0.444982686863957,0.45443232675685,0.462031881161655
"PPP conversion factor, GDP (LCU per international $)",PA.NUS.PPP,Libya,LBY,0.107222870585997,0.17922068185666,0.616923073831624,0.77058482170105,0.809508691865281,0.860261435847223,0.8430191214172,1.76263952255249,2.34945239292898,2.09293419877127,2.21602051230224,2.07074496071786
"PPP conversion factor, GDP (LCU per international $)",PA.NUS.PPP,Liechtenstein,LIE,..,..,..,..,..,..,..,..,..,..,..,..
"PPP conversion factor, GDP (LCU per international $)",PA.NUS.PPP,Lithuania,LTU,0.00130105471787626,0.451206,0.470119,0.475054,0.44662,0.431815,0.433452,0.439956,0.467686,0.490897,0.49104,0.513169
"PPP conversion factor, GDP (LCU per international $)",PA.NUS.PPP,Luxembourg,LUX,0.925669,0.955527,0.851894,0.84831,0.848866,0.829429,0.838162,0.834326,0.799672,0.807471,0.815579,0.832451
"PPP conversion factor, GDP (LCU per international $)",PA.NUS.PPP,"Macao SAR, China",MAC,2.78285743414543,3.63994855241031,5.11785411834717,5.15491628646851,5.21224677706722,5.24346445546162,5.16255477876926,4.89717441121879,4.62511122407843,4.65530980538132,4.5514424540232,4.44773830276597
"PPP conversion factor, GDP (LCU per international $)",PA.NUS.PPP,Madagascar,MDG,83.5874706879376,306.979871263394,923.495121945439,990.840393066406,1079.08020019531,1121.69445800781,1145.66564941406,1173.85522460938,1202.91523559392,1257.99067013858,1318.76161308914,1390.29172218468
"PPP conversion factor, GDP (LCU per international $)",PA.NUS.PPP,Malawi,MWI,1.46468544115518,17.972980674646,229.41508192791,262.308654785156,286.320281982422,298.671356201172,298.386444091797,294.85791015625,322.535332500177,401.327950703585,488.11530168559,619.005548775964
"PPP conversion factor, GDP (LCU per international $)",PA.NUS.PPP,Malaysia,MYS,0.96963202696165,1.1911478962263,1.55468238740456,1.60561609268188,1.58274710178375,1.56344366073608,1.52344620227814,1.5147716999054,1.5032290524362,1.42278837661538,1.39929497814426,1.35504364404393
"PPP conversion factor, GDP (LCU per international $)",PA.NUS.PPP,Maldives,MDV,2.01883642487833,3.056518915996,8.14523104981474,8.18050575256348,8.02824115753174,7.82544136047363,8.47108268737793,8.21066951751709,7.9270865484415,7.8077103546363,7.85244534917178,7.88991987219358
"PPP conversion factor, GDP (LCU per international $)",PA.NUS.PPP,Mali,MLI,100.79631895004,159.501753764431,204.213906627892,205.839202880859,206.166381835938,201.951385498047,201.444030761719,203.722534179688,202.180196191091,198.940004319109,199.570439584459,198.243965775836
"PPP conversion factor, GDP (LCU per international $)",PA.NUS.PPP,Malta,MLT,0.569260919550498,0.57985536599123,0.583015057972821,0.586425670573597,0.586718141942658,0.563539825632002,0.557545637891399,0.566569294757016,0.55857462393667,0.564163853769816,0.580520850861783,0.58711979275282
"PPP conversion factor, GDP (LCU per international $)",PA.NUS.PPP,Marshall Islands,MHL,0.836403169044484,0.909565842321716,0.968749495773015,0.973199812870247,0.928503481734597,0.875481425661518,0.922454940074902,0.932999594999854,0.868723631908151,0.903555645265736,0.92137924629206,0.946982695755452
"PPP conversion factor, GDP (LCU per international $)",PA.NUS.PPP,Mauritania,MRT,3.72670122330232,6.854338861327,11.7823023786489,10.7990684509277,11.3220472335815,11.5568342208862,11.63316822052,12.035120010376,11.1671571692448,11.1785431496469,11.3284385535821,11.391685569891
"PPP conversion factor, GDP (LCU per international $)",PA.NUS.PPP,Mauritius,MUS,7.5534853201034,11.4594943326331,16.344862941131,16.5445671081543,17.128044128418,16.8357048034668,16.625394821167,16.6290760040283,16.9028689373293,17.3506531049783,17.5587586975471,17.7493221711606
"PPP conversion factor, GDP (LCU per international $)",PA.NUS.PPP,Mexico,MEX,1.34958,6.078239,8.446043,8.913552,9.276363,9.528366,9.814966,10.060857,9.92278,9.751268,9.916562,10.328951
"PPP conversion factor, GDP (LCU per international $)",PA.NUS.PPP,"Micronesia, Fed. Sts.",FSM,0.868915823080393,0.871261854105906,0.890945112539156,0.946637692424728,1.00594447145015,0.957243657272113,0.910429814068035,0.886870916030328,0.906163876973741,0.921787754114453,0.954938228573462,0.95865080658499
"PPP conversion factor, GDP (LCU per international $)",PA.NUS.PPP,Moldova,MDA,0.000742998243887025,2.13458861633365,5.49348894436303,5.67734336853027,5.88437271118164,5.77169275283813,5.60316753387451,5.94675874710083,6.60201760913882,6.95793675236067,7.22563302713785,7.48976511532315
"PPP conversion factor, GDP (LCU per international $)",PA.NUS.PPP,Monaco,MCO,..,..,..,..,..,..,..,..,..,..,..,..
"PPP conversion factor, GDP (LCU per international $)",PA.NUS.PPP,Mongolia,MNG,1.75347873796789,137.049786707381,737.07136205792,801.668823242188,824.525756835938,851.149353027344,822.064819335938,870.184753417969,956.317378376053,1122.94693630791,1193.60938977542,1211.65358016366
"PPP conversion factor, GDP (LCU per international $)",PA.NUS.PPP,Montenegro,MNE,..,0.293415263791672,0.349140092211516,0.350955040331975,0.34835296188042,0.329693213517099,0.3207246033349,0.332482720892195,0.339842811164057,0.355800655522619,0.359928547448717,0.370171163809184
"PPP conversion factor, GDP (LCU per international $)",PA.NUS.PPP,Morocco,MAR,4.05760644529843,4.05308184094761,3.92247208626026,3.93708610534668,4.21316242218018,4.19297552108765,4.02811050415039,3.94628071784973,3.78015279034762,3.90232278078571,3.95879057156767,3.93179684727296
"PPP conversion factor, GDP (LCU per international $)",PA.NUS.PPP,Mozambique,MOZ,0.84409782077712,10.5541556896353,20.1860127645374,23.3438453674316,23.5512657165527,23.3787746429443,22.7560958862305,22.907154083252,23.3430236971618,23.6572980592353,24.5764633742049,23.6620035302763
"PPP conversion factor, GDP (LCU per international $)",PA.NUS.PPP,Myanmar,MMR,8.65096502583072,59.407861387737,347.012266726298,366.639312744141,343.601440429688,350.685333251953,354.559967041016,410.472595214844,406.836690680419,434.642184750736,475.178456114576,520.106449561224
"PPP conversion factor, GDP (LCU per international $)",PA.NUS.PPP,Namibia,NAM,1.42377805127589,2.91832429814138,6.33865336896453,6.92160367965698,7.12966299057007,7.1147084236145,6.82631635665894,6.71698379516602,6.67335305299814,6.93058928484689,7.05363349341884,7.27733758379859
"PPP conversion factor, GDP (LCU per international $)",PA.NUS.PPP,Naoero,NRU,0.46285882328909,0.722351788141579,1.16891592774687,1.32686419959344,1.52477009597531,1.4309632431572,1.47746155811285,1.41003609186483,1.63892625627759,1.53436035491782,1.57419303217835,1.59287093272538
"PPP conversion factor, GDP (LCU per international $)",PA.NUS.PPP,Nepal,NPL,6.85454384273099,12.603636841415,31.3487650786609,30.4751052856445,31.1103649139404,31.8753757476807,31.6953372955322,32.4816780090332,32.8239509677297,33.4724567538748,33.8112518665645,33.8982001034302
"PPP conversion factor, GDP (LCU per international $)",PA.NUS.PPP,Netherlands,NLD,0.917489,0.890247,0.795448,0.78215,0.776747,0.767329,0.747828,0.741535,0.714036,0.730695,0.731421,0.746769
"PPP conversion factor, GDP (LCU per international $)",PA.NUS.PPP,New Caledonia,NCL,..,..,..,..,..,..,..,..,..,..,..,..
"PPP conversion factor, GDP (LCU per international $)",PA.NUS.PPP,New Zealand,NZL,1.543486,1.444868,1.441008,1.430959,1.47006,1.436661,1.422947,1.463664,1.43316,1.461074,1.463912,1.472957
"PPP conversion factor, GDP (LCU per international $)",PA.NUS.PPP,Nicaragua,NIC,0.0628258825950986,4.59828835316429,10.3718349580235,10.5358943939209,10.8195791244507,10.8463048934937,10.6103572845459,10.564323425293,10.6898638091211,11.4198551277581,11.9599866316397,12.5185500987327
"PPP conversion factor, GDP (LCU per international $)",PA.NUS.PPP,Niger,NER,156.146999783254,180.991597877591,250.645662672075,250.788452148438,251.85302734375,231.897216796875,222.843276977539,212.888137817383,207.161840538285,206.556683343202,216.50417668186,207.234045559658
"PPP conversion factor, GDP (LCU per international $)",PA.NUS.PPP,Nigeria,NGA,2.55985133234829,25.4112675689029,104.499952232403,114.824493408203,123.914825439453,129.647445678711,134.639099121094,146.717681884766,147.997232013642,158.178769064314,176.079684596458,195.022548515709
"PPP conversion factor, GDP (LCU per international $)",PA.NUS.PPP,North Macedonia,MKD,0.0482052550312596,19.9395102197773,18.9585827114539,18.9702456915544,18.9510429115661,18.2560495268278,18.0631496616247,17.9306733247551,18.4009528003725,19.4832195643769,19.5755543274224,20.453219828119
"PPP conversion factor, GDP (LCU per international $)",PA.NUS.PPP,Northern Mariana Islands,MNP,..,..,..,..,..,..,..,..,..,..,..,..
"PPP conversion factor, GDP (LCU per international $)",PA.NUS.PPP,Norway,NOR,9.576641,9.08346,10.0419,9.74983,9.583999,9.481152,9.588324,8.984704,8.371497,8.918221,9.142143,9.451661
"PPP conversion factor, GDP (LCU per international $)",PA.NUS.PPP,Oman,OMN,0.10783982252085,0.095082260276509,0.197362899134665,0.203804805874825,0.202545270323753,0.197977468371391,0.183537229895592,0.192684262990952,0.209564783833864,0.192597497388479,0.186591473077914,0.181339214175172
"PPP conversion factor, GDP (LCU per international $)",PA.NUS.PPP,Pakistan,PAK,6.29803040048103,12.9553194834026,32.1021392014357,33.2462348937988,34.6823616027832,37.6706199645996,40.0747337341309,43.4407234191895,46.2084822667212,56.15218757235,66.8726408434692,67.8368115155746
"PPP conversion factor, GDP (LCU per international $)",PA.NUS.PPP,Palau,PLW,0.668055953434097,0.766722178549973,0.936679464987117,0.91088887698573,0.888810403042727,0.852780840504679,0.822319146418128,0.813348027157891,0.800168476797832,0.85065986296197,0.862764636970531,0.847328995677767
"PPP conversion factor, GDP (LCU per international $)",PA.NUS.PPP,Panama,PAN,0.510099286176858,0.490916127226173,0.489893443799203,0.46803081035614,0.497522056102753,0.495729207992554,0.491933196783066,0.501403868198395,0.478388581330201,0.471743398563755,0.462501709276174,0.45076892365416
"PPP conversion factor, GDP (LCU per international $)",PA.NUS.PPP,Papua New Guinea,PNG,0.727106172325328,1.25602615726049,1.90345749044487,2.01394900194188,2.16174458676305,2.14923557031554,2.1553805814599,2.30067387267731,2.47034741836789,2.27877414820342,2.29633236134239,2.38719956855142
"PPP conversion factor, GDP (LCU per international $)",PA.NUS.PPP,Paraguay,PRY,314.204942683996,872.503723930106,2456.88392018762,2473.22973632813,2537.22705078125,2567.44946289063,2538.99243164063,2628.08447265625,2650.43374354361,2612.65263745484,2619.92716517367,2627.11785121353
"PPP conversion factor, GDP (LCU per international $)",PA.NUS.PPP,Peru,PER,0.0737618958590963,1.35462332872182,1.73893024874345,1.74423778057098,1.75371789932251,1.73128080368042,1.70620810985565,1.73354005813599,1.69146364933462,1.73971850059984,1.78990272678921,1.83592285276037
"PPP conversion factor, GDP (LCU per international $)",PA.NUS.PPP,Philippines,PHL,7.48709549678564,13.7976794469821,19.2036678961722,19.6985569000244,19.9645137786865,19.7382965087891,19.4414348602295,19.37526512146,19.0815308222484,19.2473611347953,19.3265525181874,19.069580238078
"PPP conversion factor, GDP (LCU per international $)",PA.NUS.PPP,Poland,POL,0.265905,1.832541,1.732843,1.742879,1.748426,1.698557,1.698184,1.752789,1.800275,1.920474,1.949414,1.969559
"PPP conversion factor, GDP (LCU per international $)",PA.NUS.PPP,Portugal,PRT,0.475965,0.66089,0.571416,0.575688,0.571227,0.550687,0.542815,0.540472,0.51669,0.513201,0.515993,0.534218
"PPP conversion factor, GDP (LCU per international $)",PA.NUS.PPP,Puerto Rico (US),PRI,0.645231035638531,0.70590747385392,0.929672822662417,0.951732039451599,0.910205298541424,0.8788661493183,0.852639704445258,0.804228127002716,0.780084451123549,0.777191744434403,0.781857550769963,0.778230137047568
"PPP conversion factor, GDP (LCU per international $)",PA.NUS.PPP,Qatar,QAT,1.06407848905568,1.09765701899215,2.47916833543127,2.31826210021973,2.35007429122925,2.26322555541992,2.2900722026825,2.23547983169556,2.62710050034016,2.26245627126926,2.17416225674553,2.0482980288714
"PPP conversion factor, GDP (LCU per international $)",PA.NUS.PPP,Romania,ROU,0.000700262302393448,0.615969559988212,1.59691804691257,1.6135767602237,1.66558332443703,1.63679165508918,1.61464270254127,1.65245949033591,1.73151521944736,1.81497330738497,1.88147960473981,1.97967891250975
"PPP conversion factor, GDP (LCU per international $)",PA.NUS.PPP,Russian Federation,RUS,0.000542316525185481,7.301404,24.192337,24.124181,24.542904,23.9342746734619,23.1451683044434,23.6851463317871,26.1434063501628,26.8893044156305,29.0330725994197,29.6122633846497
"PPP conversion factor, GDP (LCU per international $)",PA.NUS.PPP,Rwanda,RWA,61.4633803858178,163.047150438526,307.714435492698,320.420104980469,312.66552734375,311.861206054688,321.472442626953,300.028503417969,324.723255278982,349.804026572691,369.127295971439,385.463038224109
"PPP conversion factor, GDP (LCU per international $)",PA.NUS.PPP,Samoa,WSM,0.799826753317975,1.47786920310807,1.76493499853919,1.73917124523031,1.71888239063033,1.71632936780333,1.71425503022287,1.62781286300372,1.55837250054266,1.6054012712345,1.69849391008788,1.75413819197732
"PPP conversion factor, GDP (LCU per international $)",PA.NUS.PPP,San Marino,SMR,..,0.757919581318657,0.755666151216932,0.762517094612122,0.745550360497015,0.725066228661728,0.704549975062565,0.707382142543793,0.678668572532041,0.702590229204567,..,..
"PPP conversion factor, GDP (LCU per international $)",PA.NUS.PPP,Sao Tome and Principe,STP,0.0924222654358237,2.30618652982471,9.63069604697786,9.92154121398926,9.68453502655029,9.16576766967773,9.12815380096436,8.59929370880127,9.29519707224492,11.0920118334835,12.7353502926814,13.8672557039219
"PPP conversion factor, GDP (LCU per international $)",PA.NUS.PPP,Saudi Arabia,SAU,0.895829002963529,0.903091102661259,1.67218384513799,1.68927085399628,1.85423243045807,1.86156821250916,1.92073905467987,1.9094260931015,2.00694883078576,1.89306122462233,1.85204533468297,1.75530234452142
"PPP conversion factor, GDP (LCU per international $)",PA.NUS.PPP,Senegal,SEN,172.260192307147,218.217510244032,242.008808995479,243.583801269531,238.688049316406,229.867340087891,224.08723449707,212.330551147461,216.76006791239,215.406192053338,206.831826179381,208.211053506783
"PPP conversion factor, GDP (LCU per international $)",PA.NUS.PPP,Serbia,SRB,..,9.59661967939845,40.454909866244,40.821059105488,41.0041383852135,39.6496218014814,39.7604958987547,41.1088009550821,42.8182249622952,44.7113997577007,45.0788639131956,46.7970682889855
"PPP conversion factor, GDP (LCU per international $)",PA.NUS.PPP,Seychelles,SYC,3.36251962878919,3.14758695747104,7.65869628659678,7.77740812301636,7.99357652664185,7.84994125366211,7.96504259109497,8.45630931854248,8.15003466839282,7.96877388742183,8.00344901789428,7.98797394952878
"PPP conversion factor, GDP (LCU per international $)",PA.NUS.PPP,Sierra Leone,SLE,0.0265355999259939,0.378756950482977,2.01574165142237,2.30020141601563,2.54101293945313,2.81134326171875,3.0558271484375,3.24386401367188,3.84486126434162,4.792542062985,5.16518278736188,5.15883670629659
"PPP conversion factor, GDP (LCU per international $)",PA.NUS.PPP,Singapore,SGP,0.971397349514294,0.939246682368776,0.876020603895985,0.883214712142944,0.867735683917999,0.854120194911957,0.834628343582153,0.811010360717773,0.870895060644741,0.801443968215127,0.827911626910006,0.790885710223008
"PPP conversion factor, GDP (LCU per international $)",PA.NUS.PPP,Sint Maarten (Dutch part),SXM,..,..,1.48917964786914,1.39649999141693,1.36262941360474,1.36500227451324,1.38735342025757,1.43830955028534,1.38760204012365,1.36516108593807,1.37865216943371,1.36183701233079
"PPP conversion factor, GDP (LCU per international $)",PA.NUS.PPP,Slovak Republic,SVK,0.222207513989353,0.516275,0.503194,0.516433,0.526001,0.510067,0.48909,0.487999,0.487459,0.496348,0.501903,0.512288
"PPP conversion factor, GDP (LCU per international $)",PA.NUS.PPP,Slovenia,SVN,0.034724,0.526399,0.577106,0.570149,0.567612,0.544192,0.532257,0.537477,0.514727,0.53794,0.550461,0.558308
"PPP conversion factor, GDP (LCU per international $)",PA.NUS.PPP,Solomon Islands,SLB,1.89042065307148,3.82388979212516,6.83672634525995,6.8895287669141,7.26445808722308,7.23517161009833,7.0445257612051,6.6970753509944,6.13516350239758,6.06696572765034,6.10196161300839,6.23162133063873
"PPP conversion factor, GDP (LCU per international $)",PA.NUS.PPP,"Somalia, Fed. Rep.",SOM,651.146306820352,7912.75925698938,7239.50926928753,7390.71574467777,7866.17544330538,8741.20867123605,9178.80688742071,10268.4174304023,10347.4902478644,10428.4189246235,11033.7002178252,12115.8880855469
"PPP conversion factor, GDP (LCU per international $)",PA.NUS.PPP,South Africa,ZAF,1.25844116913136,2.75855373011655,6.14841834119248,6.41333675384521,6.85541534423828,7.06522130966187,7.24892425537109,7.37613821029663,7.24725773798903,7.31868804459223,7.4211352928491,7.42029658394341
"PPP conversion factor, GDP (LCU per international $)",PA.NUS.PPP,South Sudan,SSD,..,..,13.5848408561064,37.1907577514648,..,..,..,126.743049621582,..,..,..,..
"PPP conversion factor, GDP (LCU per international $)",PA.NUS.PPP,Spain,ESP,0.617949,0.739619,0.642644,0.630839,0.631798,0.604131,0.606275,0.58847,0.55926,0.556506,0.562107,0.570991
"PPP conversion factor, GDP (LCU per international $)",PA.NUS.PPP,Sri Lanka,LKA,9.9564797929583,19.0851973333627,46.1923261027497,49.2740936279297,49.967601776123,51.7085876464844,55.1600952148438,55.5265464782715,76.4444863013164,86.1123421783246,87.4611408490596,88.2137716979226
"PPP conversion factor, GDP (LCU per international $)",PA.NUS.PPP,St. Kitts and Nevis,KNA,1.48641500427334,1.63813671209555,2.04667573482668,2.05065178871155,2.00792121887207,1.96132147312164,1.86340057849884,1.84317195415497,1.78031609721974,1.79247081385822,1.85383769695909,1.85174655680503
"PPP conversion factor, GDP (LCU per international $)",PA.NUS.PPP,St. Lucia,LCA,1.601670198154,1.70445271677217,1.87649162213908,1.89693486690521,1.80317461490631,1.70198357105255,1.52291166782379,1.47842586040497,1.4339047001878,1.40035911208423,1.39179859388796,1.38850270829587
"PPP conversion factor, GDP (LCU per international $)",PA.NUS.PPP,St. Martin (French part),MAF,..,..,..,..,..,..,..,..,..,..,..,..
"PPP conversion factor, GDP (LCU per international $)",PA.NUS.PPP,St. Vincent and the Grenadines,VCT,1.39717267246583,1.49181396245697,1.53212034819621,1.58873176574707,1.54909288883209,1.53848028182983,1.47022485733032,1.44013321399689,1.45142003163913,1.4404160101693,1.45769848948905,1.48761704067186
"PPP conversion factor, GDP (LCU per international $)",PA.NUS.PPP,Sudan,SDN,0.00385379383531928,0.355855775880241,3.46689202545808,4.77295541763306,7.0852689743042,10.9736919403076,25.9514312744141,85.7226867675781,173.565437502227,217.064587890129,728.418821912166,1175.58773572252
"PPP conversion factor, GDP (LCU per international $)",PA.NUS.PPP,Suriname,SUR,0.00205401675368553,0.452321775350447,2.42866500604888,2.57841467857361,2.7858772277832,2.64944648742676,3.73132395744324,5.3682279586792,7.48874526748221,9.61185797595566,10.5805259163027,11.6290001939516
"PPP conversion factor, GDP (LCU per international $)",PA.NUS.PPP,Sweden,SWE,8.882127,9.161129,8.822586,8.852247,8.865881,8.584015,8.435616,8.363733,8.338151,8.516641,8.490485,8.548493
"PPP conversion factor, GDP (LCU per international $)",PA.NUS.PPP,Switzerland,CHE,1.932927,1.78866,1.201964,1.187726,1.178866,1.133809,1.104751,1.056712,0.986913,0.999013,0.972889,0.930746
"PPP conversion factor, GDP (LCU per international $)",PA.NUS.PPP,Syrian Arab Republic,SYR,..,..,..,132.995910644531,141.603332519531,163.027435302734,237.009140014648,417.322418212891,807.95702765744,..,..,..
"PPP conversion factor, GDP (LCU per international $)",PA.NUS.PPP,Tajikistan,TJK,5.22819753166721E-06,0.27437874516766,2.12092749841489,2.35055923461914,2.48761677742004,2.39919829368591,2.35681772232056,2.5442578792572,2.57156851987868,2.57264357607453,2.71696406896418,2.76890578758637
"PPP conversion factor, GDP (LCU per international $)",PA.NUS.PPP,Tanzania,TZA,51.3508355268307,276.298694287971,852.166699351825,889.44873046875,849.043212890625,815.964294433594,779.039184570313,762.958374023438,731.974282877359,725.254517758729,732.984960136712,749.533488393139
"PPP conversion factor, GDP (LCU per international $)",PA.NUS.PPP,Thailand,THA,8.9631306812425,11.0388521103141,12.3508534176816,12.3857574462891,12.1526117324829,11.8285846710205,11.4072952270508,11.1481275558472,10.8908662974783,10.633894352836,10.466022403802,10.0922556843405
"PPP conversion factor, GDP (LCU per international $)",PA.NUS.PPP,Timor-Leste,TLS,0.246061698992132,0.332030494867124,0.393877192203333,0.365617901086807,0.34242276590442,0.342878394462742,0.265956834851583,0.393393218517303,0.409022349503433,0.312300787818626,0.300724727908055,0.278816251223677
"PPP conversion factor, GDP (LCU per international $)",PA.NUS.PPP,Togo,TGO,141.039751218,221.418367223485,236.861637104047,231.840179443359,228.706680297852,218.590423583984,208.467544555664,202.174468994141,202.191382356231,200.773930626041,201.237092771315,197.415755247599
"PPP conversion factor, GDP (LCU per international $)",PA.NUS.PPP,Tonga,TON,0.617967875512608,0.852949875706225,1.49380804148896,1.54934634233092,1.60436189913838,1.68071967022683,1.65817470073141,1.6181267936974,1.64965250567737,1.70893132936348,1.80513568511512,1.80792099963135
"PPP conversion factor, GDP (LCU per international $)",PA.NUS.PPP,Trinidad and Tobago,TTO,2.50098334966485,2.78961380315745,4.12188799550597,4.18089962005615,4.14924287796021,3.96576571464539,3.85990810394287,3.92725038528442,4.25041712792003,3.56652407152063,3.47576710505924,3.44833404244324
"PPP conversion factor, GDP (LCU per international $)",PA.NUS.PPP,Tunisia,TUN,0.397928640195286,0.506171131024199,0.751815691885531,0.775635421276093,0.810976982116699,0.828764498233795,0.837391257286072,0.87733256816864,0.845008249684883,0.873376130086666,0.894842382226534,0.916013551631524
"PPP conversion factor, GDP (LCU per international $)",PA.NUS.PPP,Turkiye,TUR,0.001186,0.281594,1.241052,1.38398,1.63261,1.837125,2.111056,2.751633,4.517801,7.350289,11.554529,16.203626
"PPP conversion factor, GDP (LCU per international $)",PA.NUS.PPP,Turkmenistan,TKM,2.52048910030162E-07,0.456981338137997,1.54066564780999,1.53630566596985,1.49199550558646,1.50332972021,1.52900388443585,1.50170361995697,1.55425207232766,1.46333407197075,1.52535772094248,1.57315223779675
"PPP conversion factor, GDP (LCU per international $)",PA.NUS.PPP,Turks and Caicos Islands,TCA,..,..,1.05349065622913,0.997238159179688,1.01522052288055,1.01947629451752,1.05944132804871,1.09070706367493,1.03522987741756,1.00295056929768,0.986773622391009,..
"PPP conversion factor, GDP (LCU per international $)",PA.NUS.PPP,Tuvalu,TUV,0.829170819959403,1.04888726878405,1.26833758703806,1.2831450828569,1.34589673612802,1.39806312151275,1.40414647480034,1.44888778782138,1.44470924784883,1.3114225093946,1.40055610872817,1.38717699395366
"PPP conversion factor, GDP (LCU per international $)",PA.NUS.PPP,Uganda,UGA,190.246788462921,561.509668733293,1196.83942738034,1251.63403320313,1253.7099609375,1258.25891113281,1240.85021972656,1203.16076660156,1178.55876276605,1213.19719403414,1242.4954445437,1271.51526728309
"PPP conversion factor, GDP (LCU per international $)",PA.NUS.PPP,Ukraine,UKR,4.22657571822401E-06,0.84058075268753,5.07623564154548,6.00422334671021,6.62753629684448,6.58044958114624,6.43497943878174,7.302161693573,9.19755584128526,10.6321099289501,11.6164030391157,12.9353983614283
"PPP conversion factor, GDP (LCU per international $)",PA.NUS.PPP,United Arab Emirates,ARE,1.10849878124121,1.18064363755522,2.24174884422555,2.28525042533875,2.23515868186951,2.1137228012085,2.08898448944092,2.36256718635559,2.48355696366093,2.34654954239314,2.32695589646038,..
"PPP conversion factor, GDP (LCU per international $)",PA.NUS.PPP,United Kingdom,GBR,0.651578,0.704372,0.688603,0.684601,0.687714,0.669665,0.653446,0.668934,0.633175,0.660709,0.664153,0.677133
"PPP conversion factor, GDP (LCU per international $)",PA.NUS.PPP,United States,USA,1,1,1,1,1,1,1,1,1,1,1,1
"PPP conversion factor, GDP (LCU per international $)",PA.NUS.PPP,Uruguay,URY,0.560218922320337,7.73593267221533,22.4626168573176,23.3047561645508,24.2535629272461,25.0450210571289,25.7344722747803,26.462287902832,26.1847298049584,26.2739181311142,26.710334219867,27.108346862201
"PPP conversion factor, GDP (LCU per international $)",PA.NUS.PPP,Uzbekistan,UZB,0.000635317301371146,53.0631685676367,1179.95670461133,1432.90717805091,1799.89237531589,2111.31955499463,2353.38338692144,2591.1123046875,2758.77238159432,3030.49254994173,3373.14097211991,3670.12629350113
"PPP conversion factor, GDP (LCU per international $)",PA.NUS.PPP,Vanuatu,VUT,77.3347476580627,91.1073073160025,104.80534153476,107.898165722173,108.906852420275,110.875523852585,111.850300053615,110.380247621036,108.312820426159,105.11943277697,108.035176038305,107.389043283146
"PPP conversion factor, GDP (LCU per international $)",PA.NUS.PPP,"Venezuela, RB",VEN,1.20788542503448E-13,2.80434515253771E-12,..,..,..,..,..,..,..,..,..,..
"PPP conversion factor, GDP (LCU per international $)",PA.NUS.PPP,Viet Nam,VNM,672.277046872643,2780.34949727378,7163.83114802902,7211.599609375,7275.826171875,7191.1884765625,7064.95361328125,7120.01123046875,6942.55221614355,6839.77114227882,6954.97823040608,6990.87070514029
"PPP conversion factor, GDP (LCU per international $)",PA.NUS.PPP,Virgin Islands (U.S.),VIR,..,..,1.05540339697243,1.0434159040451,0.997733711650467,0.965312692933229,0.953011997636306,0.907823741436005,0.890243717259396,..,..,..
"PPP conversion factor, GDP (LCU per international $)",PA.NUS.PPP,West Bank and Gaza,PSE,..,0.55625140728152,0.58190009696282,0.592855823160836,0.573107484443397,0.561863300477572,0.542883355404701,0.649577372979557,0.616648393924754,0.583864805636319,0.634768249928382,0.63425809329856
"PPP conversion factor, GDP (LCU per international $)",PA.NUS.PPP,"Yemen, Rep.",YEM,6.11409017600969,30.2674370945195,..,..,..,..,..,..,..,..,..,..
"PPP conversion factor, GDP (LCU per international $)",PA.NUS.PPP,Zambia,ZMB,0.00956647595873103,0.654444802807636,3.8559028791987,4.16286420822144,4.44762897491455,4.82785272598267,5.52910757064819,6.44128704071045,6.38282402708496,6.59175278849996,7.35899076614158,7.56139268212565
"PPP conversion factor, GDP (LCU per international $)",PA.NUS.PPP,Zimbabwe,ZWE,0.000297900531491558,0.000155484180976986,0.000201289636460245,0.000245684828877449,0.00070908348941803,0.00203930929380655,0.012645161247611,0.0243634228799343,0.0851728842033327,0.713312954994536,8.33515444469415,14.8477864567247
,,,,,,,,,,,,,,,
,,,,,,,,,,,,,,,
,,,,,,,,,,,,,,,
Data from database: World Development Indicators,,,,,,,,,,,,,,,
Last Updated: 07/13/2026,,,,,,,,,,,,,,,
Code,License Type,Indicator Name,Long definition,Source,Topic,Dataset,Unit of measure,Periodicity,Reference period,Aggregation method,Statistical concept and methodology,Development relevance,Limitations and exceptions,License URL
PA.NUS.PPP,CC BY-4.0,"PPP conversion factor, GDP (LCU per international $)","The purchasing power parity (PPP) conversion factor is a currency conversion factor and a spatial price deflator. PPPs convert different currencies to a common currency and, in the process of conversion, equalize their purchasing power by eliminating the differences in price levels between countries, thereby allowing volume or output comparisons of gross domestic product (GDP) and its expenditure components. This conversion factor is for the level of GDP and the base currency is the US dollar.","International Comparison Program (ICP), World Bank (WB), uri: https://www.worldbank.org/en/programs/icp/data, publisher: International Comparison Program, type: International statistical program, date accessed: May 30, 2024, date published: May 30, 2024;
The Eurostat PPP Programme, Eurostat (ESTAT), uri: https://ec.europa.eu/eurostat/databrowser/explore/all/all_themes, publisher: Eurostat, type: International statistical program;
The OECD PPP Programme, Organisation for Economic Co-operation and Development (OECD), uri: https://data-https://data-explorer.oecd.org/, publisher: OECD",Economic Policy & Debt: Purchasing power parity,WB_WDI,Local currency unit per international dollar,Annual,1990-2025,No aggregation provided for this indicator.,"Methodology: The International Comparison Program (ICP) estimates PPPs for the world’s countries. The ICP is conducted as a global partnership of countries, multilateral agencies, and academia. The recent 2021 ICP comparison covered 176 countries, including 49 Eurostat-OECD countries. For countries that have not participated in ICP comparisons, the PPP are imputed based on a regression model.

ICP estimated PPPs cover years from 2011 to 2021. WDI extrapolates 2011 PPPs for years earlier years, and 2021 PPPs for later years. Description of WDI extrapolation approach is available here: https://datahelpdesk.worldbank.org/knowledgebase/articles/665452-how-do-you-extrapolate-the-ppp-conversion-factors

For the member countries of Eurostat-OECD PPP Programme, PPP conversion factors are periodically updated based on the organizations’ databases. For Eurostat-OECD PPP Programme, please refer to the following websites.
(http://www.oecd.org/sdd/prices-ppp/)
(https://ec.europa.eu/eurostat/web/purchasing-power-parities/overview)

For more information on the ICP and PPPs, please refer to the ICP website at https://www.worldbank.org/en/programs/icp.
Statistical concept(s): PPPs are primarily used to convert the national accounts data of economies, such as GDP and its expenditure components, into a common currency.  In the process of conversion, they control for differences in the price levels of economies, and thus equalize purchasing power. PPP-based comparisons of economic output differ from market exchange rate-based comparisons as the latter do not distinguish between the relative price levels of different items in economies. Overall price levels are normally higher in higher-income economies than they are in lower-income economies (Balassa-Samuelson effect), mostly because of the large differences in price levels for non-traded products. If no account is taken of the larger price level differences for non-traded products when converting GDP to a common currency, the size of higher-income economies with high price levels will be overstated and the size of lower-income economies with low price levels will be understated. No distinction is made between traded products and non-traded products when market exchange rates are used to convert GDP to a common currency: the rate is the same for all products. PPP-converted GDP does not have this bias because PPPs account for the different price levels of traded products and non-traded products. Thus, PPPs are more appropriate for comparing the output of economies and the average material well-being of their inhabitants and are also less impacted by the potential volatility of market exchange rates. 

PPPs are calculated by the International Comparison Program (ICP) based on the prices of goods and services within an economy and national accounts expenditures. See https://www.worldbank.org/en/programs/icp/methodology.","PPPs are used to convert national accounts data from different countries, such as GDP and its expenditure components, into a common currency, while also eliminating the effect of price level differences between countries. PPPs are also used to derive price level indexes (PLIs), the ratio of a country’s PPP to its market exchange rate, to directly compare price levels across countries.
PPPs, PLIs, and the PPP-based expenditures to which they give rise are primarily used to make spatial comparisons of volume and per capita consumption or levels of GDP and its expenditure components across countries.  PPP-based indicators are used for national, regional, and global policy making and analysis across the socioeconomic spectrum from poverty and inequality, to health and education, to energy and climate, through to economic growth, labor, productivity, trade, competitiveness, and infrastructure. A number of Sustainable Development Goals use PPP-based indicators to measure development progress. 
- Recommended uses of PPPs include: to make spatial comparisons of GDP and its expenditure components; to make spatial comparisons of price levels; and to group countries by their per capita volume indexes and price level indexes.
- Recommended uses of PPPs with limitations include: to analyze changes over time in relative GDP per capita and relative prices; to analyze price convergence; to make spatial comparisons of the cost of living; and to use PPPs calculated for GDP and its expenditure components as deflators for other values.","Global PPP estimates provided by ICP are produced by the ICP Global Office and regional implementing agencies, based on data supplied by the national implementing agencies in the participating economies, and in accordance with the methodology recommended by the ICP Technical Advisory Group and approved by the ICP Governing Board. As such, these results are not produced by participating economies as part of their national official statistics.

PPPs are not recommended to be used as: a precise measure to establish strict rankings of countries; a means of constructing national growth rates; a measure to generate output and productivity comparisons by industry; an indicator of the undervaluation or overvaluation of currencies; and as an equilibrium exchange rate.",https://datacatalog.worldbank.org/int/public-licenses#cc-by
