service,payer,min_amount_kes,max_amount_kes,fee_kes,fee_percent,status,validity
TRANSFER_OTHER_NETWORK,CUSTOMER,1,49,0.00,,free,as_of_2026-08-04
TRANSFER_OTHER_NETWORK,CUSTOMER,50,100,0.00,,free,as_of_2026-08-04
TRANSFER_OTHER_NETWORK,CUSTOMER,101,500,7.00,,charged,as_of_2026-08-04
TRANSFER_OTHER_NETWORK,CUSTOMER,501,1000,13.00,,charged,as_of_2026-08-04
TRANSFER_OTHER_NETWORK,CUSTOMER,1001,1500,23.00,,charged,as_of_2026-08-04
TRANSFER_OTHER_NETWORK,CUSTOMER,1501,2500,33.00,,charged,as_of_2026-08-04
TRANSFER_OTHER_NETWORK,CUSTOMER,2501,3500,53.00,,charged,as_of_2026-08-04
TRANSFER_OTHER_NETWORK,CUSTOMER,3501,5000,57.00,,charged,as_of_2026-08-04
TRANSFER_OTHER_NETWORK,CUSTOMER,5001,7500,78.00,,charged,as_of_2026-08-04
TRANSFER_OTHER_NETWORK,CUSTOMER,7501,10000,90.00,,charged,as_of_2026-08-04
TRANSFER_OTHER_NETWORK,CUSTOMER,10001,15000,100.00,,charged,as_of_2026-08-04
TRANSFER_OTHER_NETWORK,CUSTOMER,15001,20000,105.00,,charged,as_of_2026-08-04
TRANSFER_OTHER_NETWORK,CUSTOMER,20001,35000,108.00,,charged,as_of_2026-08-04
TRANSFER_OTHER_NETWORK,CUSTOMER,35001,50000,108.00,,charged,as_of_2026-08-04
TRANSFER_OTHER_NETWORK,CUSTOMER,50001,250000,108.00,,charged,as_of_2026-08-04
WITHDRAW_AGENT,CUSTOMER,1,49,,,not_available,as_of_2026-08-04
WITHDRAW_AGENT,CUSTOMER,50,100,11.00,,charged,as_of_2026-08-04
WITHDRAW_AGENT,CUSTOMER,101,500,29.00,,charged,as_of_2026-08-04
WITHDRAW_AGENT,CUSTOMER,501,1000,29.00,,charged,as_of_2026-08-04
WITHDRAW_AGENT,CUSTOMER,1001,1500,29.00,,charged,as_of_2026-08-04
WITHDRAW_AGENT,CUSTOMER,1501,2500,29.00,,charged,as_of_2026-08-04
WITHDRAW_AGENT,CUSTOMER,2501,3500,52.00,,charged,as_of_2026-08-04
WITHDRAW_AGENT,CUSTOMER,3501,5000,69.00,,charged,as_of_2026-08-04
WITHDRAW_AGENT,CUSTOMER,5001,7500,87.00,,charged,as_of_2026-08-04
WITHDRAW_AGENT,CUSTOMER,7501,10000,115.00,,charged,as_of_2026-08-04
WITHDRAW_AGENT,CUSTOMER,10001,15000,167.00,,charged,as_of_2026-08-04
WITHDRAW_AGENT,CUSTOMER,15001,20000,185.00,,charged,as_of_2026-08-04
WITHDRAW_AGENT,CUSTOMER,20001,35000,197.00,,charged,as_of_2026-08-04
WITHDRAW_AGENT,CUSTOMER,35001,50000,278.00,,charged,as_of_2026-08-04
WITHDRAW_AGENT,CUSTOMER,50001,250000,309.00,,charged,as_of_2026-08-04
TRANSFER_POCHI,CUSTOMER,0,50,0.00,,temporary_free,3_months_from_2026-08-01
TRANSFER_POCHI,CUSTOMER,50,100,0.00,,temporary_free,3_months_from_2026-08-01
TRANSFER_POCHI,CUSTOMER,101,200,0.00,,temporary_free,3_months_from_2026-08-01
TRANSFER_POCHI,CUSTOMER,201,500,7.00,,charged,3_months_from_2026-08-01
TRANSFER_POCHI,CUSTOMER,501,1000,13.00,,charged,3_months_from_2026-08-01
TRANSFER_POCHI,CUSTOMER,1001,1500,23.00,,charged,3_months_from_2026-08-01
TRANSFER_POCHI,CUSTOMER,1500,2500,33.00,,charged,3_months_from_2026-08-01
TRANSFER_POCHI,CUSTOMER,2500,250000,50.00,,charged,3_months_from_2026-08-01
WITHDRAW_ATM,CUSTOMER,200,2500,35.00,,charged,as_of_2026-08-04
WITHDRAW_ATM,CUSTOMER,2501,5000,69.00,,charged,as_of_2026-08-04
WITHDRAW_ATM,CUSTOMER,5001,10000,115.00,,charged,as_of_2026-08-04
WITHDRAW_ATM,CUSTOMER,10001,35000,203.00,,charged,as_of_2026-08-04
FREE_DEPOSIT,CUSTOMER,,,0.00,,free,as_of_2026-08-04
FREE_REGISTRATION,CUSTOMER,,,0.00,,free,as_of_2026-08-04
FREE_AIRTIME,CUSTOMER,,,0.00,,free,as_of_2026-08-04
FREE_BALANCE_ENQUIRY,CUSTOMER,,,0.00,,free,as_of_2026-08-04
FREE_PIN_CHANGE,CUSTOMER,,,0.00,,free,as_of_2026-08-04
RECEIVE_BUY_GOODS,MERCHANT,0,200,0.00,,free,as_of_2026-08-04
RECEIVE_BUY_GOODS,MERCHANT,201,500,0.00,,free,as_of_2026-08-04
RECEIVE_BUY_GOODS,MERCHANT,501,36363,,0.55,percent,as_of_2026-08-04
RECEIVE_BUY_GOODS,MERCHANT,36363.01,,200.00,,charged,as_of_2026-08-04
TILL_PAY_MOBILE,BUSINESS_TILL,0,50,0.00,,free,as_of_2026-08-04
TILL_PAY_MOBILE,BUSINESS_TILL,50,100,0.00,,free,as_of_2026-08-04
TILL_PAY_MOBILE,BUSINESS_TILL,101,500,4.00,,charged,as_of_2026-08-04
TILL_PAY_MOBILE,BUSINESS_TILL,501,1000,7.00,,charged,as_of_2026-08-04
TILL_PAY_MOBILE,BUSINESS_TILL,1001,1500,12.00,,charged,as_of_2026-08-04
TILL_PAY_MOBILE,BUSINESS_TILL,1501,2500,17.00,,charged,as_of_2026-08-04
TILL_PAY_MOBILE,BUSINESS_TILL,2501,3500,27.00,,charged,as_of_2026-08-04
TILL_PAY_MOBILE,BUSINESS_TILL,3501,5000,29.00,,charged,as_of_2026-08-04
TILL_PAY_MOBILE,BUSINESS_TILL,5001,7500,39.00,,charged,as_of_2026-08-04
TILL_PAY_MOBILE,BUSINESS_TILL,7501,10000,45.00,,charged,as_of_2026-08-04
TILL_PAY_MOBILE,BUSINESS_TILL,10001,15000,50.00,,charged,as_of_2026-08-04
TILL_PAY_MOBILE,BUSINESS_TILL,15001,20000,53.00,,charged,as_of_2026-08-04
TILL_PAY_MOBILE,BUSINESS_TILL,20001,25000,54.00,,charged,as_of_2026-08-04
TILL_PAY_MOBILE,BUSINESS_TILL,25001,30000,54.00,,charged,as_of_2026-08-04
TILL_PAY_MOBILE,BUSINESS_TILL,30000,35000,54.00,,charged,as_of_2026-08-04
TILL_PAY_MOBILE,BUSINESS_TILL,35000,40000,54.00,,charged,as_of_2026-08-04
TILL_PAY_MOBILE,BUSINESS_TILL,40000,45000,54.00,,charged,as_of_2026-08-04
TILL_PAY_MOBILE,BUSINESS_TILL,45000,250000,54.00,,charged,as_of_2026-08-04
TILL_PAY_PAYBILL,BUSINESS_TILL,0,50,,,unspecified,as_of_2026-08-04
TILL_PAY_PAYBILL,BUSINESS_TILL,50,100,,,unspecified,as_of_2026-08-04
TILL_PAY_PAYBILL,BUSINESS_TILL,101,500,3.00,,charged,as_of_2026-08-04
TILL_PAY_PAYBILL,BUSINESS_TILL,501,1000,5.00,,charged,as_of_2026-08-04
TILL_PAY_PAYBILL,BUSINESS_TILL,1001,1500,8.00,,charged,as_of_2026-08-04
TILL_PAY_PAYBILL,BUSINESS_TILL,1501,2500,10.00,,charged,as_of_2026-08-04
TILL_PAY_PAYBILL,BUSINESS_TILL,2501,3500,13.00,,charged,as_of_2026-08-04
TILL_PAY_PAYBILL,BUSINESS_TILL,3501,5000,17.00,,charged,as_of_2026-08-04
TILL_PAY_PAYBILL,BUSINESS_TILL,5001,7500,21.00,,charged,as_of_2026-08-04
TILL_PAY_PAYBILL,BUSINESS_TILL,7501,10000,24.00,,charged,as_of_2026-08-04
TILL_PAY_PAYBILL,BUSINESS_TILL,10001,15000,29.00,,charged,as_of_2026-08-04
TILL_PAY_PAYBILL,BUSINESS_TILL,15001,20000,31.00,,charged,as_of_2026-08-04
TILL_PAY_PAYBILL,BUSINESS_TILL,20001,25000,34.00,,charged,as_of_2026-08-04
TILL_PAY_PAYBILL,BUSINESS_TILL,25001,30000,36.00,,charged,as_of_2026-08-04
TILL_PAY_PAYBILL,BUSINESS_TILL,30000,35000,42.00,,charged,as_of_2026-08-04
TILL_PAY_PAYBILL,BUSINESS_TILL,35000,40000,50.00,,charged,as_of_2026-08-04
TILL_PAY_PAYBILL,BUSINESS_TILL,40000,45000,52.00,,charged,as_of_2026-08-04
TILL_PAY_PAYBILL,BUSINESS_TILL,45000,250000,54.00,,charged,as_of_2026-08-04