tariff_category,transaction_type,min_amount_kes,max_amount_kes,fee_kes
CONSUMER_TRANSFER,P2P_MPESA,1,49,0.00
CONSUMER_TRANSFER,P2P_MPESA,50,100,0.00
CONSUMER_TRANSFER,P2P_MPESA,101,500,7.00
CONSUMER_TRANSFER,P2P_MPESA,501,1000,13.00
CONSUMER_TRANSFER,P2P_MPESA,1001,1500,23.00
CONSUMER_TRANSFER,P2P_MPESA,1501,2500,33.00
CONSUMER_TRANSFER,P2P_MPESA,2501,3500,53.00
CONSUMER_TRANSFER,P2P_MPESA,3501,5000,57.00
CONSUMER_TRANSFER,P2P_MPESA,5001,7500,78.00
CONSUMER_TRANSFER,P2P_MPESA,7501,10000,90.00
CONSUMER_TRANSFER,P2P_MPESA,10001,15000,100.00
CONSUMER_TRANSFER,P2P_MPESA,15001,20000,105.00
CONSUMER_TRANSFER,P2P_MPESA,20001,35000,108.00
CONSUMER_TRANSFER,P2P_MPESA,35001,50000,108.00
CONSUMER_TRANSFER,P2P_MPESA,50001,250000,108.00